TIME,CH1
-1.54800000e-08,4.06250000e-03
-1.54600000e-08,4.09375000e-03
-1.54400000e-08,3.98437500e-03
-1.54200000e-08,3.92187500e-03
-1.54000000e-08,4.04687500e-03
-1.53800000e-08,4.15625000e-03
-1.53600000e-08,4.00000000e-03
-1.53400000e-08,3.82812500e-03
-1.53200000e-08,4.01562500e-03
-1.53000000e-08,4.31250000e-03
-1.52800000e-08,4.06250000e-03
-1.52600000e-08,3.53125000e-03
-1.52400000e-08,3.85937500e-03
-1.52200000e-08,5.56250000e-03
-1.52000000e-08,7.54687500e-03
-1.51800000e-08,8.43750000e-03
-1.51600000e-08,8.23437500e-03
-1.51400000e-08,7.89062500e-03
-1.51200000e-08,7.89062500e-03
-1.51000000e-08,8.00000000e-03
-1.50800000e-08,8.09375000e-03
-1.50600000e-08,8.18750000e-03
-1.50400000e-08,8.01562500e-03
-1.50200000e-08,7.60937500e-03
-1.50000000e-08,7.89062500e-03
-1.49800000e-08,9.50000000e-03
-1.49600000e-08,1.15468750e-02
-1.49400000e-08,1.25000000e-02
-1.49200000e-08,1.22187500e-02
-1.49000000e-08,1.18437500e-02
-1.48800000e-08,1.19218750e-02
-1.48600000e-08,1.20312500e-02
-1.48400000e-08,1.20468750e-02
-1.48200000e-08,1.22500000e-02
-1.48000000e-08,1.21250000e-02
-1.47800000e-08,1.07656250e-02
-1.47600000e-08,8.56250000e-03
-1.47400000e-08,7.25000000e-03
-1.47200000e-08,7.70312500e-03
-1.47000000e-08,8.70312500e-03
-1.46800000e-08,8.39062500e-03
-1.46600000e-08,6.42187500e-03
-1.46400000e-08,4.28125000e-03
-1.46200000e-08,3.56250000e-03
-1.46000000e-08,4.10937500e-03
-1.45800000e-08,4.14062500e-03
-1.45600000e-08,2.54687500e-03
-1.45400000e-08,4.37500000e-04
-1.45200000e-08,-2.65625000e-04
-1.45000000e-08,3.90625000e-04
-1.44800000e-08,3.59375000e-04
-1.44600000e-08,-1.45312500e-03
-1.44400000e-08,-3.68750000e-03
-1.44200000e-08,-4.45312500e-03
-1.44000000e-08,-3.92187500e-03
-1.43800000e-08,-3.95312500e-03
-1.43600000e-08,-5.45312500e-03
-1.43400000e-08,-7.34375000e-03
-1.43200000e-08,-8.21875000e-03
-1.43000000e-08,-8.06250000e-03
-1.42800000e-08,-7.81250000e-03
-1.42600000e-08,-7.90625000e-03
-1.42400000e-08,-8.07812500e-03
-1.42200000e-08,-8.09375000e-03
-1.42000000e-08,-7.92187500e-03
-1.41800000e-08,-7.78125000e-03
-1.41600000e-08,-7.96875000e-03
-1.41400000e-08,-8.39062500e-03
-1.41200000e-08,-8.10937500e-03
-1.41000000e-08,-6.50000000e-03
-1.40800000e-08,-4.48437500e-03
-1.40600000e-08,-3.56250000e-03
-1.40400000e-08,-3.70312500e-03
-1.40200000e-08,-3.50000000e-03
-1.40000000e-08,-2.28125000e-03
-1.39800000e-08,-9.53125000e-04
-1.39600000e-08,-3.59375000e-04
-1.39400000e-08,-2.03125000e-04
-1.39200000e-08,2.03125000e-04
-1.39000000e-08,9.37500000e-04
-1.38800000e-08,1.76562500e-03
-1.38600000e-08,2.67187500e-03
-1.38400000e-08,3.64062500e-03
-1.38200000e-08,4.20312500e-03
-1.38000000e-08,4.15625000e-03
-1.37800000e-08,3.92187500e-03
-1.37600000e-08,3.93750000e-03
-1.37400000e-08,4.09375000e-03
-1.37200000e-08,4.07812500e-03
-1.37000000e-08,3.96875000e-03
-1.36800000e-08,3.98437500e-03
-1.36600000e-08,4.03125000e-03
-1.36400000e-08,4.07812500e-03
-1.36200000e-08,4.10937500e-03
-1.36000000e-08,3.93750000e-03
-1.35800000e-08,3.26562500e-03
-1.35600000e-08,2.21875000e-03
-1.35400000e-08,1.21875000e-03
-1.35200000e-08,4.68750000e-04
-1.35000000e-08,-3.12500000e-05
-1.34800000e-08,-1.56250000e-04
-1.34600000e-08,0.00000000e+00
-1.34400000e-08,1.40625000e-04
-1.34200000e-08,4.68750000e-05
-1.34000000e-08,-6.25000000e-05
-1.33800000e-08,-1.56250000e-05
-1.33600000e-08,7.81250000e-05
-1.33400000e-08,4.68750000e-05
-1.33200000e-08,-3.12500000e-05
-1.33000000e-08,-1.56250000e-05
-1.32800000e-08,6.25000000e-05
-1.32600000e-08,6.25000000e-05
-1.32400000e-08,-1.56250000e-05
-1.32200000e-08,-1.56250000e-05
-1.32000000e-08,4.68750000e-05
-1.31800000e-08,6.25000000e-05
-1.31600000e-08,0.00000000e+00
-1.31400000e-08,-1.56250000e-05
-1.31200000e-08,3.12500000e-05
-1.31000000e-08,6.25000000e-05
-1.30800000e-08,3.12500000e-05
-1.30600000e-08,-1.56250000e-05
-1.30400000e-08,-3.12500000e-05
-1.30200000e-08,7.81250000e-05
-1.30000000e-08,2.03125000e-04
-1.29800000e-08,-2.03125000e-04
-1.29600000e-08,-1.51562500e-03
-1.29400000e-08,-3.20312500e-03
-1.29200000e-08,-4.17187500e-03
-1.29000000e-08,-4.14062500e-03
-1.28800000e-08,-3.84375000e-03
-1.28600000e-08,-3.90625000e-03
-1.28400000e-08,-4.07812500e-03
-1.28200000e-08,-4.03125000e-03
-1.28000000e-08,-3.90625000e-03
-1.27800000e-08,-3.95312500e-03
-1.27600000e-08,-4.03125000e-03
-1.27400000e-08,-4.00000000e-03
-1.27200000e-08,-3.93750000e-03
-1.27000000e-08,-3.95312500e-03
-1.26800000e-08,-4.01562500e-03
-1.26600000e-08,-4.01562500e-03
-1.26400000e-08,-3.95312500e-03
-1.26200000e-08,-3.93750000e-03
-1.26000000e-08,-4.00000000e-03
-1.25800000e-08,-4.06250000e-03
-1.25600000e-08,-3.98437500e-03
-1.25400000e-08,-3.84375000e-03
-1.25200000e-08,-3.92187500e-03
-1.25000000e-08,-4.21875000e-03
-1.24800000e-08,-4.15625000e-03
-1.24600000e-08,-3.39062500e-03
-1.24400000e-08,-2.43750000e-03
-1.24200000e-08,-1.96875000e-03
-1.24000000e-08,-1.78125000e-03
-1.23800000e-08,-1.12500000e-03
-1.23600000e-08,-1.09375000e-04
-1.23400000e-08,3.90625000e-04
-1.23200000e-08,1.25000000e-04
-1.23000000e-08,-2.03125000e-04
-1.22800000e-08,-6.25000000e-05
-1.22600000e-08,1.87500000e-04
-1.22400000e-08,1.25000000e-04
-1.22200000e-08,-1.71875000e-04
-1.22000000e-08,-1.71875000e-04
-1.21800000e-08,4.53125000e-04
-1.21600000e-08,1.53125000e-03
-1.21400000e-08,2.39062500e-03
-1.21200000e-08,2.37500000e-03
-1.21000000e-08,1.45312500e-03
-1.20800000e-08,3.59375000e-04
-1.20600000e-08,-1.71875000e-04
-1.20400000e-08,-9.37500000e-05
-1.20200000e-08,9.37500000e-05
-1.20000000e-08,9.37500000e-05
-1.19800000e-08,-3.12500000e-05
-1.19600000e-08,-3.12500000e-05
-1.19400000e-08,4.68750000e-05
-1.19200000e-08,6.25000000e-05
-1.19000000e-08,0.00000000e+00
-1.18800000e-08,0.00000000e+00
-1.18600000e-08,4.68750000e-05
-1.18400000e-08,4.68750000e-05
-1.18200000e-08,-1.56250000e-05
-1.18000000e-08,0.00000000e+00
-1.17800000e-08,6.25000000e-05
-1.17600000e-08,3.12500000e-05
-1.17400000e-08,-3.12500000e-05
-1.17200000e-08,0.00000000e+00
-1.17000000e-08,9.37500000e-05
-1.16800000e-08,3.12500000e-05
-1.16600000e-08,-1.09375000e-04
-1.16400000e-08,1.56250000e-05
-1.16200000e-08,2.81250000e-04
-1.16000000e-08,3.12500000e-05
-1.15800000e-08,-9.84375000e-04
-1.15600000e-08,-1.98437500e-03
-1.15400000e-08,-2.23437500e-03
-1.15200000e-08,-1.96875000e-03
-1.15000000e-08,-1.85937500e-03
-1.14800000e-08,-1.98437500e-03
-1.14600000e-08,-2.03125000e-03
-1.14400000e-08,-1.96875000e-03
-1.14200000e-08,-2.00000000e-03
-1.14000000e-08,-2.00000000e-03
-1.13800000e-08,-1.89062500e-03
-1.13600000e-08,-1.96875000e-03
-1.13400000e-08,-2.20312500e-03
-1.13200000e-08,-2.00000000e-03
-1.13000000e-08,-1.01562500e-03
-1.12800000e-08,4.68750000e-05
-1.12600000e-08,3.28125000e-04
-1.12400000e-08,0.00000000e+00
-1.12200000e-08,-1.71875000e-04
-1.12000000e-08,3.12500000e-05
-1.11800000e-08,1.71875000e-04
-1.11600000e-08,1.56250000e-05
-1.11400000e-08,-1.25000000e-04
-1.11200000e-08,1.56250000e-05
-1.11000000e-08,2.03125000e-04
-1.10800000e-08,7.81250000e-05
-1.10600000e-08,-2.50000000e-04
-1.10400000e-08,-1.56250000e-04
-1.10200000e-08,6.40625000e-04
-1.10000000e-08,1.57812500e-03
-1.09800000e-08,2.00000000e-03
-1.09600000e-08,2.21875000e-03
-1.09400000e-08,2.90625000e-03
-1.09200000e-08,3.89062500e-03
-1.09000000e-08,4.35937500e-03
-1.08800000e-08,4.10937500e-03
-1.08600000e-08,3.84375000e-03
-1.08400000e-08,3.95312500e-03
-1.08200000e-08,4.12500000e-03
-1.08000000e-08,4.07812500e-03
-1.07800000e-08,3.96875000e-03
-1.07600000e-08,3.96875000e-03
-1.07400000e-08,4.04687500e-03
-1.07200000e-08,4.06250000e-03
-1.07000000e-08,4.03125000e-03
-1.06800000e-08,3.98437500e-03
-1.06600000e-08,3.96875000e-03
-1.06400000e-08,4.04687500e-03
-1.06200000e-08,4.12500000e-03
-1.06000000e-08,4.00000000e-03
-1.05800000e-08,3.84375000e-03
-1.05600000e-08,4.04687500e-03
-1.05400000e-08,4.37500000e-03
-1.05200000e-08,4.01562500e-03
-1.05000000e-08,2.87500000e-03
-1.04800000e-08,1.98437500e-03
-1.04600000e-08,2.01562500e-03
-1.04400000e-08,2.18750000e-03
-1.04200000e-08,1.53125000e-03
-1.04000000e-08,4.68750000e-04
-1.03800000e-08,-1.56250000e-05
-1.03600000e-08,-1.56250000e-04
-1.03400000e-08,-8.75000000e-04
-1.03200000e-08,-1.92187500e-03
-1.03000000e-08,-2.21875000e-03
-1.02800000e-08,-1.87500000e-03
-1.02600000e-08,-2.20312500e-03
-1.02400000e-08,-3.46875000e-03
-1.02200000e-08,-4.40625000e-03
-1.02000000e-08,-4.20312500e-03
-1.01800000e-08,-3.71875000e-03
-1.01600000e-08,-3.84375000e-03
-1.01400000e-08,-4.17187500e-03
-1.01200000e-08,-4.07812500e-03
-1.01000000e-08,-3.82812500e-03
-1.00800000e-08,-3.90625000e-03
-1.00600000e-08,-4.10937500e-03
-1.00400000e-08,-4.03125000e-03
-1.00200000e-08,-3.87500000e-03
-1.00000000e-08,-3.93750000e-03
-9.98000000e-09,-4.06250000e-03
-9.96000000e-09,-4.03125000e-03
-9.94000000e-09,-3.90625000e-03
-9.92000000e-09,-3.89062500e-03
-9.90000000e-09,-4.06250000e-03
-9.88000000e-09,-4.18750000e-03
-9.86000000e-09,-3.75000000e-03
-9.84000000e-09,-2.40625000e-03
-9.82000000e-09,-7.34375000e-04
-9.80000000e-09,1.87500000e-04
-9.78000000e-09,1.40625000e-04
-9.76000000e-09,-7.81250000e-05
-9.74000000e-09,3.12500000e-05
-9.72000000e-09,9.37500000e-05
-9.70000000e-09,-9.37500000e-05
-9.68000000e-09,-3.12500000e-05
-9.66000000e-09,2.96875000e-04
-9.64000000e-09,7.81250000e-05
-9.62000000e-09,-1.03125000e-03
-9.60000000e-09,-2.06250000e-03
-9.58000000e-09,-2.10937500e-03
-9.56000000e-09,-1.78125000e-03
-9.54000000e-09,-2.28125000e-03
-9.52000000e-09,-3.54687500e-03
-9.50000000e-09,-4.34375000e-03
-9.48000000e-09,-4.15625000e-03
-9.46000000e-09,-3.76562500e-03
-9.44000000e-09,-3.87500000e-03
-9.42000000e-09,-4.12500000e-03
-9.40000000e-09,-4.06250000e-03
-9.38000000e-09,-3.85937500e-03
-9.36000000e-09,-3.93750000e-03
-9.34000000e-09,-4.07812500e-03
-9.32000000e-09,-4.00000000e-03
-9.30000000e-09,-3.87500000e-03
-9.28000000e-09,-3.96875000e-03
-9.26000000e-09,-4.07812500e-03
-9.24000000e-09,-3.98437500e-03
-9.22000000e-09,-3.87500000e-03
-9.20000000e-09,-3.98437500e-03
-9.18000000e-09,-4.10937500e-03
-9.16000000e-09,-3.96875000e-03
-9.14000000e-09,-3.82812500e-03
-9.12000000e-09,-3.98437500e-03
-9.10000000e-09,-4.18750000e-03
-9.08000000e-09,-4.00000000e-03
-9.06000000e-09,-3.68750000e-03
-9.04000000e-09,-3.92187500e-03
-9.02000000e-09,-4.46875000e-03
-9.00000000e-09,-4.14062500e-03
-8.98000000e-09,-2.45312500e-03
-8.96000000e-09,-4.37500000e-04
-8.94000000e-09,4.84375000e-04
-8.92000000e-09,2.03125000e-04
-8.90000000e-09,-2.03125000e-04
-8.88000000e-09,-7.81250000e-05
-8.86000000e-09,1.40625000e-04
-8.84000000e-09,3.12500000e-05
-8.82000000e-09,-4.68750000e-05
-8.80000000e-09,1.40625000e-04
-8.78000000e-09,-1.09375000e-04
-8.76000000e-09,-1.48437500e-03
-8.74000000e-09,-3.29687500e-03
-8.72000000e-09,-4.20312500e-03
-8.70000000e-09,-4.04687500e-03
-8.68000000e-09,-3.84375000e-03
-8.66000000e-09,-4.01562500e-03
-8.64000000e-09,-4.09375000e-03
-8.62000000e-09,-3.85937500e-03
-8.60000000e-09,-3.87500000e-03
-8.58000000e-09,-4.20312500e-03
-8.56000000e-09,-4.09375000e-03
-8.54000000e-09,-3.54687500e-03
-8.52000000e-09,-3.78125000e-03
-8.50000000e-09,-5.45312500e-03
-8.48000000e-09,-7.50000000e-03
-8.46000000e-09,-8.51562500e-03
-8.44000000e-09,-8.32812500e-03
-8.42000000e-09,-7.53125000e-03
-8.40000000e-09,-6.31250000e-03
-8.38000000e-09,-4.89062500e-03
-8.36000000e-09,-3.87500000e-03
-8.34000000e-09,-3.68750000e-03
-8.32000000e-09,-4.03125000e-03
-8.30000000e-09,-4.20312500e-03
-8.28000000e-09,-3.96875000e-03
-8.26000000e-09,-3.71875000e-03
-8.24000000e-09,-3.93750000e-03
-8.22000000e-09,-4.43750000e-03
-8.20000000e-09,-4.14062500e-03
-8.18000000e-09,-2.45312500e-03
-8.16000000e-09,-4.53125000e-04
-8.14000000e-09,3.90625000e-04
-8.12000000e-09,2.81250000e-04
-8.10000000e-09,5.78125000e-04
-8.08000000e-09,1.73437500e-03
-8.06000000e-09,2.92187500e-03
-8.04000000e-09,3.65625000e-03
-8.02000000e-09,4.06250000e-03
-8.00000000e-09,4.12500000e-03
-7.98000000e-09,3.90625000e-03
-7.96000000e-09,4.00000000e-03
-7.94000000e-09,4.81250000e-03
-7.92000000e-09,5.89062500e-03
-7.90000000e-09,6.78125000e-03
-7.88000000e-09,7.53125000e-03
-7.86000000e-09,8.12500000e-03
-7.84000000e-09,8.23437500e-03
-7.82000000e-09,7.98437500e-03
-7.80000000e-09,7.87500000e-03
-7.78000000e-09,8.04687500e-03
-7.76000000e-09,8.12500000e-03
-7.74000000e-09,8.00000000e-03
-7.72000000e-09,7.95312500e-03
-7.70000000e-09,8.04687500e-03
-7.68000000e-09,8.07812500e-03
-7.66000000e-09,8.00000000e-03
-7.64000000e-09,7.98437500e-03
-7.62000000e-09,8.03125000e-03
-7.60000000e-09,8.06250000e-03
-7.58000000e-09,8.01562500e-03
-7.56000000e-09,8.00000000e-03
-7.54000000e-09,8.01562500e-03
-7.52000000e-09,8.04687500e-03
-7.50000000e-09,8.03125000e-03
-7.48000000e-09,8.00000000e-03
-7.46000000e-09,7.98437500e-03
-7.44000000e-09,8.04687500e-03
-7.42000000e-09,8.07812500e-03
-7.40000000e-09,8.00000000e-03
-7.38000000e-09,7.93750000e-03
-7.36000000e-09,8.03125000e-03
-7.34000000e-09,8.15625000e-03
-7.32000000e-09,8.03125000e-03
-7.30000000e-09,7.79687500e-03
-7.28000000e-09,7.96875000e-03
-7.26000000e-09,8.43750000e-03
-7.24000000e-09,8.18750000e-03
-7.22000000e-09,6.56250000e-03
-7.20000000e-09,4.48437500e-03
-7.18000000e-09,3.50000000e-03
-7.16000000e-09,3.82812500e-03
-7.14000000e-09,4.29687500e-03
-7.12000000e-09,4.15625000e-03
-7.10000000e-09,3.84375000e-03
-7.08000000e-09,3.92187500e-03
-7.06000000e-09,4.14062500e-03
-7.04000000e-09,4.09375000e-03
-7.02000000e-09,3.92187500e-03
-7.00000000e-09,3.96875000e-03
-6.98000000e-09,4.10937500e-03
-6.96000000e-09,4.06250000e-03
-6.94000000e-09,3.93750000e-03
-6.92000000e-09,4.00000000e-03
-6.90000000e-09,4.14062500e-03
-6.88000000e-09,4.01562500e-03
-6.86000000e-09,3.81250000e-03
-6.84000000e-09,4.07812500e-03
-6.82000000e-09,4.90625000e-03
-6.80000000e-09,5.85937500e-03
-6.78000000e-09,6.70312500e-03
-6.76000000e-09,7.56250000e-03
-6.74000000e-09,8.18750000e-03
-6.72000000e-09,8.21875000e-03
-6.70000000e-09,7.92187500e-03
-6.68000000e-09,7.89062500e-03
-6.66000000e-09,8.09375000e-03
-6.64000000e-09,8.10937500e-03
-6.62000000e-09,7.95312500e-03
-6.60000000e-09,7.95312500e-03
-6.58000000e-09,8.09375000e-03
-6.56000000e-09,8.07812500e-03
-6.54000000e-09,7.95312500e-03
-6.52000000e-09,7.98437500e-03
-6.50000000e-09,8.09375000e-03
-6.48000000e-09,8.04687500e-03
-6.46000000e-09,7.95312500e-03
-6.44000000e-09,8.00000000e-03
-6.42000000e-09,8.09375000e-03
-6.40000000e-09,8.04687500e-03
-6.38000000e-09,7.93750000e-03
-6.36000000e-09,8.01562500e-03
-6.34000000e-09,8.12500000e-03
-6.32000000e-09,8.03125000e-03
-6.30000000e-09,7.90625000e-03
-6.28000000e-09,8.03125000e-03
-6.26000000e-09,8.18750000e-03
-6.24000000e-09,8.00000000e-03
-6.22000000e-09,7.73437500e-03
-6.20000000e-09,8.07812500e-03
-6.18000000e-09,9.01562500e-03
-6.16000000e-09,9.85937500e-03
-6.14000000e-09,1.05468750e-02
-6.12000000e-09,1.15468750e-02
-6.10000000e-09,1.24218750e-02
-6.08000000e-09,1.22656250e-02
-6.06000000e-09,1.14687500e-02
-6.04000000e-09,1.17343750e-02
-6.02000000e-09,1.35937500e-02
-6.00000000e-09,1.56250000e-02
-5.98000000e-09,1.64218750e-02
-5.96000000e-09,1.62343750e-02
-5.94000000e-09,1.58750000e-02
-5.92000000e-09,1.57500000e-02
-5.90000000e-09,1.62500000e-02
-5.88000000e-09,1.76562500e-02
-5.86000000e-09,1.93281250e-02
-5.84000000e-09,2.01406250e-02
-5.82000000e-09,2.00625000e-02
-5.80000000e-09,1.99687500e-02
-5.78000000e-09,2.01250000e-02
-5.76000000e-09,2.00468750e-02
-5.74000000e-09,1.98281250e-02
-5.72000000e-09,2.00156250e-02
-5.70000000e-09,2.03281250e-02
-5.68000000e-09,2.00468750e-02
-5.66000000e-09,1.95781250e-02
-5.64000000e-09,1.99687500e-02
-5.62000000e-09,2.07500000e-02
-5.60000000e-09,2.02187500e-02
-5.58000000e-09,1.81250000e-02
-5.56000000e-09,1.64062500e-02
-5.54000000e-09,1.62187500e-02
-5.52000000e-09,1.60312500e-02
-5.50000000e-09,1.44218750e-02
-5.48000000e-09,1.25156250e-02
-5.46000000e-09,1.19843750e-02
-5.44000000e-09,1.19531250e-02
-5.42000000e-09,1.06093750e-02
-5.40000000e-09,8.59375000e-03
-5.38000000e-09,7.79687500e-03
-5.36000000e-09,7.87500000e-03
-5.34000000e-09,6.84375000e-03
-5.32000000e-09,4.71875000e-03
-5.30000000e-09,3.46875000e-03
-5.28000000e-09,3.60937500e-03
-5.26000000e-09,3.59375000e-03
-5.24000000e-09,2.43750000e-03
-5.22000000e-09,1.03125000e-03
-5.20000000e-09,2.96875000e-04
-5.18000000e-09,6.25000000e-05
-5.16000000e-09,-6.25000000e-05
-5.14000000e-09,-3.12500000e-05
-5.12000000e-09,1.09375000e-04
-5.10000000e-09,4.68750000e-05
-5.08000000e-09,-1.71875000e-04
-5.06000000e-09,1.87500000e-04
-5.04000000e-09,1.57812500e-03
-5.02000000e-09,3.29687500e-03
-5.00000000e-09,4.20312500e-03
-4.98000000e-09,4.14062500e-03
-4.96000000e-09,3.92187500e-03
-4.94000000e-09,4.00000000e-03
-4.92000000e-09,4.07812500e-03
-4.90000000e-09,4.00000000e-03
-4.88000000e-09,4.03125000e-03
-4.86000000e-09,4.06250000e-03
-4.84000000e-09,3.87500000e-03
-4.82000000e-09,4.12500000e-03
-4.80000000e-09,5.54687500e-03
-4.78000000e-09,7.42187500e-03
-4.76000000e-09,8.21875000e-03
-4.74000000e-09,7.95312500e-03
-4.72000000e-09,7.90625000e-03
-4.70000000e-09,8.32812500e-03
-4.68000000e-09,8.10937500e-03
-4.66000000e-09,6.93750000e-03
-4.64000000e-09,5.95312500e-03
-4.62000000e-09,5.87500000e-03
-4.60000000e-09,6.09375000e-03
-4.58000000e-09,6.00000000e-03
-4.56000000e-09,5.92187500e-03
-4.54000000e-09,6.17187500e-03
-4.52000000e-09,6.21875000e-03
-4.50000000e-09,5.53125000e-03
-4.48000000e-09,4.45312500e-03
-4.46000000e-09,3.79687500e-03
-4.44000000e-09,3.84375000e-03
-4.42000000e-09,4.10937500e-03
-4.40000000e-09,4.14062500e-03
-4.38000000e-09,3.98437500e-03
-4.36000000e-09,3.93750000e-03
-4.34000000e-09,4.03125000e-03
-4.32000000e-09,4.07812500e-03
-4.30000000e-09,4.03125000e-03
-4.28000000e-09,3.96875000e-03
-4.26000000e-09,4.00000000e-03
-4.24000000e-09,4.06250000e-03
-4.22000000e-09,4.04687500e-03
-4.20000000e-09,4.00000000e-03
-4.18000000e-09,3.96875000e-03
-4.16000000e-09,4.04687500e-03
-4.14000000e-09,4.07812500e-03
-4.12000000e-09,4.00000000e-03
-4.10000000e-09,3.93750000e-03
-4.08000000e-09,4.04687500e-03
-4.06000000e-09,4.14062500e-03
-4.04000000e-09,4.00000000e-03
-4.02000000e-09,3.82812500e-03
-4.00000000e-09,4.03125000e-03
-3.98000000e-09,4.35937500e-03
-3.96000000e-09,4.03125000e-03
-3.94000000e-09,2.90625000e-03
-3.92000000e-09,1.98437500e-03
-3.90000000e-09,1.93750000e-03
-3.88000000e-09,2.18750000e-03
-3.86000000e-09,1.67187500e-03
-3.84000000e-09,4.84375000e-04
-3.82000000e-09,-2.96875000e-04
-3.80000000e-09,-1.87500000e-04
-3.78000000e-09,1.71875000e-04
-3.76000000e-09,1.56250000e-04
-3.74000000e-09,-7.81250000e-05
-3.72000000e-09,-6.25000000e-05
-3.70000000e-09,9.37500000e-05
-3.68000000e-09,6.25000000e-05
-3.66000000e-09,-3.12500000e-05
-3.64000000e-09,4.68750000e-05
-3.62000000e-09,6.25000000e-05
-3.60000000e-09,-1.40625000e-04
-3.58000000e-09,1.56250000e-04
-3.56000000e-09,1.57812500e-03
-3.54000000e-09,3.34375000e-03
-3.52000000e-09,4.18750000e-03
-3.50000000e-09,4.09375000e-03
-3.48000000e-09,3.96875000e-03
-3.46000000e-09,4.03125000e-03
-3.44000000e-09,3.92187500e-03
-3.42000000e-09,4.15625000e-03
-3.40000000e-09,5.50000000e-03
-3.38000000e-09,7.37500000e-03
-3.36000000e-09,8.29687500e-03
-3.34000000e-09,8.00000000e-03
-3.32000000e-09,7.70312500e-03
-3.30000000e-09,8.34375000e-03
-3.28000000e-09,9.67187500e-03
-3.26000000e-09,1.10781250e-02
-3.24000000e-09,1.21250000e-02
-3.22000000e-09,1.24687500e-02
-3.20000000e-09,1.20156250e-02
-3.18000000e-09,1.14531250e-02
-3.16000000e-09,1.19062500e-02
-3.14000000e-09,1.35937500e-02
-3.12000000e-09,1.55312500e-02
-3.10000000e-09,1.64375000e-02
-3.08000000e-09,1.62500000e-02
-3.06000000e-09,1.58593750e-02
-3.04000000e-09,1.58750000e-02
-3.02000000e-09,1.60781250e-02
-3.00000000e-09,1.61093750e-02
-2.98000000e-09,1.60312500e-02
-2.96000000e-09,1.59687500e-02
-2.94000000e-09,1.59375000e-02
-2.92000000e-09,1.60156250e-02
-2.90000000e-09,1.62343750e-02
-2.88000000e-09,1.61718750e-02
-2.86000000e-09,1.54375000e-02
-2.84000000e-09,1.45000000e-02
-2.82000000e-09,1.40156250e-02
-2.80000000e-09,1.38125000e-02
-2.78000000e-09,1.31562500e-02
-2.76000000e-09,1.21562500e-02
-2.74000000e-09,1.16718750e-02
-2.72000000e-09,1.19375000e-02
-2.70000000e-09,1.22187500e-02
-2.68000000e-09,1.20937500e-02
-2.66000000e-09,1.18906250e-02
-2.64000000e-09,1.19687500e-02
-2.62000000e-09,1.21093750e-02
-2.60000000e-09,1.20625000e-02
-2.58000000e-09,1.19531250e-02
-2.56000000e-09,1.20000000e-02
-2.54000000e-09,1.20625000e-02
-2.52000000e-09,1.20312500e-02
-2.50000000e-09,1.19843750e-02
-2.48000000e-09,1.20156250e-02
-2.46000000e-09,1.20468750e-02
-2.44000000e-09,1.20312500e-02
-2.42000000e-09,1.20000000e-02
-2.40000000e-09,1.20156250e-02
-2.38000000e-09,1.20312500e-02
-2.36000000e-09,1.20312500e-02
-2.34000000e-09,1.20312500e-02
-2.32000000e-09,1.20156250e-02
-2.30000000e-09,1.20000000e-02
-2.28000000e-09,1.20312500e-02
-2.26000000e-09,1.20781250e-02
-2.24000000e-09,1.20156250e-02
-2.22000000e-09,1.19062500e-02
-2.20000000e-09,1.20156250e-02
-2.18000000e-09,1.22812500e-02
-2.16000000e-09,1.20312500e-02
-2.14000000e-09,1.10156250e-02
-2.12000000e-09,1.00156250e-02
-2.10000000e-09,9.78125000e-03
-2.08000000e-09,1.00312500e-02
-2.06000000e-09,1.00937500e-02
-2.04000000e-09,1.00156250e-02
-2.02000000e-09,1.00625000e-02
-2.00000000e-09,1.00156250e-02
-1.98000000e-09,9.79687500e-03
-1.96000000e-09,1.00312500e-02
-1.94000000e-09,1.10156250e-02
-1.92000000e-09,1.20000000e-02
-1.90000000e-09,1.22656250e-02
-1.88000000e-09,1.20937500e-02
-1.86000000e-09,1.19375000e-02
-1.84000000e-09,1.18437500e-02
-1.82000000e-09,1.21718750e-02
-1.80000000e-09,1.35468750e-02
-1.78000000e-09,1.54375000e-02
-1.76000000e-09,1.62812500e-02
-1.74000000e-09,1.57656250e-02
-1.72000000e-09,1.57187500e-02
-1.70000000e-09,1.74218750e-02
-1.68000000e-09,1.96562500e-02
-1.66000000e-09,2.05625000e-02
-1.64000000e-09,2.01406250e-02
-1.62000000e-09,1.97656250e-02
-1.60000000e-09,1.99531250e-02
-1.58000000e-09,2.01562500e-02
-1.56000000e-09,2.00781250e-02
-1.54000000e-09,1.99687500e-02
-1.52000000e-09,1.99687500e-02
-1.50000000e-09,2.00156250e-02
-1.48000000e-09,2.00781250e-02
-1.46000000e-09,2.01250000e-02
-1.44000000e-09,1.99375000e-02
-1.42000000e-09,1.92656250e-02
-1.40000000e-09,1.82031250e-02
-1.38000000e-09,1.71718750e-02
-1.36000000e-09,1.65000000e-02
-1.34000000e-09,1.61406250e-02
-1.32000000e-09,1.57812500e-02
-1.30000000e-09,1.51562500e-02
-1.28000000e-09,1.43125000e-02
-1.26000000e-09,1.33906250e-02
-1.24000000e-09,1.24062500e-02
-1.22000000e-09,1.17187500e-02
-1.20000000e-09,1.18281250e-02
-1.18000000e-09,1.24531250e-02
-1.16000000e-09,1.22812500e-02
-1.14000000e-09,1.05781250e-02
-1.12000000e-09,8.40625000e-03
-1.10000000e-09,7.46875000e-03
-1.08000000e-09,7.87500000e-03
-1.06000000e-09,8.32812500e-03
-1.04000000e-09,8.09375000e-03
-1.02000000e-09,7.78125000e-03
-1.00000000e-09,7.96875000e-03
-9.80000000e-10,8.25000000e-03
-9.60000000e-10,8.06250000e-03
-9.40000000e-10,7.76562500e-03
-9.20000000e-10,7.98437500e-03
-9.00000000e-10,8.40625000e-03
-8.80000000e-10,8.06250000e-03
-8.60000000e-10,6.89062500e-03
-8.40000000e-10,5.93750000e-03
-8.20000000e-10,5.95312500e-03
-8.00000000e-10,6.21875000e-03
-7.80000000e-10,5.65625000e-03
-7.60000000e-10,4.45312500e-03
-7.40000000e-10,3.70312500e-03
-7.20000000e-10,3.84375000e-03
-7.00000000e-10,4.18750000e-03
-6.80000000e-10,4.12500000e-03
-6.60000000e-10,3.90625000e-03
-6.40000000e-10,3.95312500e-03
-6.20000000e-10,4.12500000e-03
-6.00000000e-10,4.06250000e-03
-5.80000000e-10,3.90625000e-03
-5.60000000e-10,4.00000000e-03
-5.40000000e-10,4.15625000e-03
-5.20000000e-10,4.03125000e-03
-5.00000000e-10,3.82812500e-03
-4.80000000e-10,4.00000000e-03
-4.60000000e-10,4.35937500e-03
-4.40000000e-10,4.04687500e-03
-4.20000000e-10,2.90625000e-03
-4.00000000e-10,1.95312500e-03
-3.80000000e-10,1.95312500e-03
-3.60000000e-10,2.20312500e-03
-3.40000000e-10,1.64062500e-03
-3.20000000e-10,4.68750000e-04
-3.00000000e-10,-2.34375000e-04
-2.80000000e-10,-1.56250000e-04
-2.60000000e-10,6.25000000e-05
-2.40000000e-10,1.25000000e-04
-2.20000000e-10,1.71875000e-04
-2.00000000e-10,-1.56250000e-05
-1.80000000e-10,-9.06250000e-04
-1.60000000e-10,-2.00000000e-03
-1.40000000e-10,-2.25000000e-03
-1.20000000e-10,-1.82812500e-03
-1.00000000e-10,-2.12500000e-03
-8.00000000e-11,-3.51562500e-03
-6.00000000e-11,-4.57812500e-03
-4.00000000e-11,-4.17187500e-03
-2.00000000e-11,-3.39062500e-03
0.00000000e+00,-3.84375000e-03
2.00000000e-11,-5.26562500e-03
4.00000000e-11,-6.12500000e-03
6.00000000e-11,-5.92187500e-03
8.00000000e-11,-5.75000000e-03
1.00000000e-10,-6.45312500e-03
1.20000000e-10,-7.56250000e-03
1.40000000e-10,-8.18750000e-03
1.60000000e-10,-8.14062500e-03
1.80000000e-10,-7.90625000e-03
2.00000000e-10,-7.89062500e-03
2.20000000e-10,-7.98437500e-03
2.40000000e-10,-8.00000000e-03
2.60000000e-10,-8.01562500e-03
2.80000000e-10,-8.09375000e-03
3.00000000e-10,-7.75000000e-03
3.20000000e-10,-6.46875000e-03
3.40000000e-10,-4.76562500e-03
3.60000000e-10,-3.76562500e-03
3.80000000e-10,-3.79687500e-03
4.00000000e-10,-4.12500000e-03
4.20000000e-10,-4.07812500e-03
4.40000000e-10,-3.87500000e-03
4.60000000e-10,-3.90625000e-03
4.80000000e-10,-4.06250000e-03
5.00000000e-10,-4.03125000e-03
5.20000000e-10,-3.90625000e-03
5.40000000e-10,-3.92187500e-03
5.60000000e-10,-4.03125000e-03
5.80000000e-10,-4.04687500e-03
6.00000000e-10,-3.92187500e-03
6.20000000e-10,-3.89062500e-03
6.40000000e-10,-4.03125000e-03
6.60000000e-10,-4.10937500e-03
6.80000000e-10,-3.95312500e-03
7.00000000e-10,-3.79687500e-03
7.20000000e-10,-3.98437500e-03
7.40000000e-10,-4.26562500e-03
7.60000000e-10,-4.01562500e-03
7.80000000e-10,-3.46875000e-03
8.00000000e-10,-3.82812500e-03
8.20000000e-10,-5.56250000e-03
8.40000000e-10,-7.51562500e-03
8.60000000e-10,-8.34375000e-03
8.80000000e-10,-8.17187500e-03
9.00000000e-10,-7.95312500e-03
9.20000000e-10,-7.90625000e-03
9.40000000e-10,-7.71875000e-03
9.60000000e-10,-7.90625000e-03
9.80000000e-10,-9.31250000e-03
1.00000000e-09,-1.14687500e-02
1.02000000e-09,-1.26406250e-02
1.04000000e-09,-1.22031250e-02
1.06000000e-09,-1.14843750e-02
1.08000000e-09,-1.18906250e-02
1.10000000e-09,-1.30312500e-02
1.12000000e-09,-1.39062500e-02
1.14000000e-09,-1.45625000e-02
1.16000000e-09,-1.54531250e-02
1.18000000e-09,-1.62187500e-02
1.20000000e-09,-1.62187500e-02
1.22000000e-09,-1.58281250e-02
1.24000000e-09,-1.58125000e-02
1.26000000e-09,-1.61250000e-02
1.28000000e-09,-1.60937500e-02
1.30000000e-09,-1.58281250e-02
1.32000000e-09,-1.58906250e-02
1.34000000e-09,-1.61562500e-02
1.36000000e-09,-1.60468750e-02
1.38000000e-09,-1.57343750e-02
1.40000000e-09,-1.59375000e-02
1.42000000e-09,-1.63593750e-02
1.44000000e-09,-1.60156250e-02
1.46000000e-09,-1.48281250e-02
1.48000000e-09,-1.39687500e-02
1.50000000e-09,-1.39218750e-02
1.52000000e-09,-1.40000000e-02
1.54000000e-09,-1.37812500e-02
1.56000000e-09,-1.39687500e-02
1.58000000e-09,-1.49687500e-02
1.60000000e-09,-1.60000000e-02
1.62000000e-09,-1.62343750e-02
1.64000000e-09,-1.59687500e-02
1.66000000e-09,-1.58750000e-02
1.68000000e-09,-1.59843750e-02
1.70000000e-09,-1.60312500e-02
1.72000000e-09,-1.59687500e-02
1.74000000e-09,-1.59687500e-02
1.76000000e-09,-1.59843750e-02
1.78000000e-09,-1.59687500e-02
1.80000000e-09,-1.59843750e-02
1.82000000e-09,-1.60156250e-02
1.84000000e-09,-1.59843750e-02
1.86000000e-09,-1.59218750e-02
1.88000000e-09,-1.59687500e-02
1.90000000e-09,-1.60468750e-02
1.92000000e-09,-1.60000000e-02
1.94000000e-09,-1.58906250e-02
1.96000000e-09,-1.59531250e-02
1.98000000e-09,-1.60937500e-02
2.00000000e-09,-1.60156250e-02
2.02000000e-09,-1.57968750e-02
2.04000000e-09,-1.58906250e-02
2.06000000e-09,-1.63281250e-02
2.08000000e-09,-1.61718750e-02
2.10000000e-09,-1.46406250e-02
2.12000000e-09,-1.24375000e-02
2.14000000e-09,-1.12343750e-02
2.16000000e-09,-1.17500000e-02
2.18000000e-09,-1.26718750e-02
2.20000000e-09,-1.22812500e-02
2.22000000e-09,-1.03437500e-02
2.24000000e-09,-8.34375000e-03
2.26000000e-09,-7.59375000e-03
2.28000000e-09,-7.87500000e-03
2.30000000e-09,-8.10937500e-03
2.32000000e-09,-7.98437500e-03
2.34000000e-09,-8.00000000e-03
2.36000000e-09,-8.10937500e-03
2.38000000e-09,-7.62500000e-03
2.40000000e-09,-6.46875000e-03
2.42000000e-09,-5.64062500e-03
2.44000000e-09,-5.76562500e-03
2.46000000e-09,-6.20312500e-03
2.48000000e-09,-6.12500000e-03
2.50000000e-09,-5.79687500e-03
2.52000000e-09,-5.84375000e-03
2.54000000e-09,-6.15625000e-03
2.56000000e-09,-6.12500000e-03
2.58000000e-09,-5.75000000e-03
2.60000000e-09,-5.73437500e-03
2.62000000e-09,-6.48437500e-03
2.64000000e-09,-7.57812500e-03
2.66000000e-09,-8.21875000e-03
2.68000000e-09,-8.12500000e-03
2.70000000e-09,-7.84375000e-03
2.72000000e-09,-7.89062500e-03
2.74000000e-09,-8.10937500e-03
2.76000000e-09,-8.06250000e-03
2.78000000e-09,-7.82812500e-03
2.80000000e-09,-7.87500000e-03
2.82000000e-09,-8.23437500e-03
2.84000000e-09,-8.18750000e-03
2.86000000e-09,-7.37500000e-03
2.88000000e-09,-6.39062500e-03
2.90000000e-09,-5.98437500e-03
2.92000000e-09,-5.82812500e-03
2.94000000e-09,-5.12500000e-03
2.96000000e-09,-4.03125000e-03
2.98000000e-09,-3.62500000e-03
3.00000000e-09,-4.06250000e-03
3.02000000e-09,-4.00000000e-03
3.04000000e-09,-2.51562500e-03
3.06000000e-09,-5.62500000e-04
3.08000000e-09,3.12500000e-04
3.10000000e-09,1.56250000e-05
3.12000000e-09,-2.96875000e-04
3.14000000e-09,2.65625000e-04
3.16000000e-09,1.65625000e-03
3.18000000e-09,3.20312500e-03
3.20000000e-09,4.20312500e-03
3.22000000e-09,4.23437500e-03
3.24000000e-09,3.78125000e-03
3.26000000e-09,4.06250000e-03
3.28000000e-09,5.62500000e-03
3.30000000e-09,7.43750000e-03
3.32000000e-09,8.17187500e-03
3.34000000e-09,7.98437500e-03
3.36000000e-09,7.93750000e-03
3.38000000e-09,8.18750000e-03
3.40000000e-09,8.07812500e-03
3.42000000e-09,7.70312500e-03
3.44000000e-09,7.98437500e-03
3.46000000e-09,9.09375000e-03
3.48000000e-09,1.00468750e-02
3.50000000e-09,1.02187500e-02
3.52000000e-09,1.00000000e-02
3.54000000e-09,9.93750000e-03
3.56000000e-09,1.00156250e-02
3.58000000e-09,1.00625000e-02
3.60000000e-09,1.00312500e-02
3.62000000e-09,9.95312500e-03
3.64000000e-09,1.00156250e-02
3.66000000e-09,1.02031250e-02
3.68000000e-09,1.00468750e-02
3.70000000e-09,9.10937500e-03
3.72000000e-09,8.00000000e-03
3.74000000e-09,7.67187500e-03
3.76000000e-09,8.04687500e-03
3.78000000e-09,8.23437500e-03
3.80000000e-09,8.00000000e-03
3.82000000e-09,7.90625000e-03
3.84000000e-09,8.03125000e-03
3.86000000e-09,8.01562500e-03
3.88000000e-09,8.06250000e-03
3.90000000e-09,8.71875000e-03
3.92000000e-09,9.85937500e-03
3.94000000e-09,1.08750000e-02
3.96000000e-09,1.15781250e-02
3.98000000e-09,1.20156250e-02
4.00000000e-09,1.21718750e-02
4.02000000e-09,1.21093750e-02
4.04000000e-09,1.20625000e-02
4.06000000e-09,1.17343750e-02
4.08000000e-09,1.05781250e-02
4.10000000e-09,8.87500000e-03
4.12000000e-09,7.75000000e-03
4.14000000e-09,7.75000000e-03
4.16000000e-09,8.20312500e-03
4.18000000e-09,8.25000000e-03
4.20000000e-09,7.90625000e-03
4.22000000e-09,7.71875000e-03
4.24000000e-09,8.06250000e-03
4.26000000e-09,8.53125000e-03
4.28000000e-09,8.12500000e-03
4.30000000e-09,6.45312500e-03
4.32000000e-09,4.51562500e-03
4.34000000e-09,3.64062500e-03
4.36000000e-09,3.81250000e-03
4.38000000e-09,4.06250000e-03
4.40000000e-09,4.10937500e-03
4.42000000e-09,4.28125000e-03
4.44000000e-09,4.10937500e-03
4.46000000e-09,2.67187500e-03
4.48000000e-09,5.46875000e-04
4.50000000e-09,-5.78125000e-04
4.52000000e-09,-2.18750000e-04
4.54000000e-09,3.43750000e-04
4.56000000e-09,1.87500000e-04
4.58000000e-09,-1.87500000e-04
4.60000000e-09,-9.37500000e-05
4.62000000e-09,1.71875000e-04
4.64000000e-09,9.37500000e-05
4.66000000e-09,-9.37500000e-05
4.68000000e-09,-3.12500000e-05
4.70000000e-09,1.09375000e-04
4.72000000e-09,6.25000000e-05
4.74000000e-09,-6.25000000e-05
4.76000000e-09,0.00000000e+00
4.78000000e-09,1.09375000e-04
4.80000000e-09,3.12500000e-05
4.82000000e-09,-7.81250000e-05
4.84000000e-09,0.00000000e+00
4.86000000e-09,1.40625000e-04
4.88000000e-09,3.12500000e-05
4.90000000e-09,-1.56250000e-04
4.92000000e-09,1.56250000e-05
4.94000000e-09,3.28125000e-04
4.96000000e-09,3.12500000e-05
4.98000000e-09,-1.03125000e-03
5.00000000e-09,-2.00000000e-03
5.02000000e-09,-2.17187500e-03
5.04000000e-09,-1.93750000e-03
5.06000000e-09,-1.93750000e-03
5.08000000e-09,-2.06250000e-03
5.10000000e-09,-1.90625000e-03
5.12000000e-09,-1.78125000e-03
5.14000000e-09,-2.39062500e-03
5.16000000e-09,-3.53125000e-03
5.18000000e-09,-4.26562500e-03
5.20000000e-09,-4.17187500e-03
5.22000000e-09,-3.82812500e-03
5.24000000e-09,-3.79687500e-03
5.26000000e-09,-4.09375000e-03
5.28000000e-09,-4.23437500e-03
5.30000000e-09,-3.70312500e-03
5.32000000e-09,-2.37500000e-03
5.34000000e-09,-7.81250000e-04
5.36000000e-09,1.71875000e-04
5.38000000e-09,2.03125000e-04
5.40000000e-09,-7.81250000e-05
5.42000000e-09,-6.25000000e-05
5.44000000e-09,9.37500000e-05
5.46000000e-09,6.25000000e-05
5.48000000e-09,-3.12500000e-05
5.50000000e-09,-1.56250000e-05
5.52000000e-09,6.25000000e-05
5.54000000e-09,4.68750000e-05
5.56000000e-09,-1.56250000e-05
5.58000000e-09,-1.56250000e-05
5.60000000e-09,4.68750000e-05
5.62000000e-09,6.25000000e-05
5.64000000e-09,0.00000000e+00
5.66000000e-09,-4.68750000e-05
5.68000000e-09,4.68750000e-05
5.70000000e-09,1.25000000e-04
5.72000000e-09,1.56250000e-05
5.74000000e-09,-1.40625000e-04
5.76000000e-09,1.56250000e-05
5.78000000e-09,3.28125000e-04
5.80000000e-09,3.12500000e-05
5.82000000e-09,-1.06250000e-03
5.84000000e-09,-2.03125000e-03
5.86000000e-09,-2.09375000e-03
5.88000000e-09,-1.79687500e-03
5.90000000e-09,-2.29687500e-03
5.92000000e-09,-3.53125000e-03
5.94000000e-09,-4.32812500e-03
5.96000000e-09,-4.17187500e-03
5.98000000e-09,-3.78125000e-03
6.00000000e-09,-3.87500000e-03
6.02000000e-09,-4.10937500e-03
6.04000000e-09,-4.04687500e-03
6.06000000e-09,-3.87500000e-03
6.08000000e-09,-3.93750000e-03
6.10000000e-09,-4.06250000e-03
6.12000000e-09,-4.01562500e-03
6.14000000e-09,-3.90625000e-03
6.16000000e-09,-3.96875000e-03
6.18000000e-09,-4.04687500e-03
6.20000000e-09,-3.98437500e-03
6.22000000e-09,-3.92187500e-03
6.24000000e-09,-3.96875000e-03
6.26000000e-09,-4.04687500e-03
6.28000000e-09,-4.00000000e-03
6.30000000e-09,-3.90625000e-03
6.32000000e-09,-3.90625000e-03
6.34000000e-09,-4.07812500e-03
6.36000000e-09,-4.17187500e-03
6.38000000e-09,-3.68750000e-03
6.40000000e-09,-2.40625000e-03
6.42000000e-09,-8.43750000e-04
6.44000000e-09,1.71875000e-04
6.46000000e-09,3.28125000e-04
6.48000000e-09,-1.56250000e-05
6.50000000e-09,-3.75000000e-04
6.52000000e-09,-7.81250000e-05
6.54000000e-09,1.35937500e-03
6.56000000e-09,3.50000000e-03
6.58000000e-09,4.76562500e-03
6.60000000e-09,4.31250000e-03
6.62000000e-09,3.31250000e-03
6.64000000e-09,3.70312500e-03
6.66000000e-09,5.67187500e-03
6.68000000e-09,7.67187500e-03
6.70000000e-09,8.39062500e-03
6.72000000e-09,8.14062500e-03
6.74000000e-09,7.87500000e-03
6.76000000e-09,7.95312500e-03
6.78000000e-09,8.09375000e-03
6.80000000e-09,8.07812500e-03
6.82000000e-09,7.98437500e-03
6.84000000e-09,7.98437500e-03
6.86000000e-09,8.03125000e-03
6.88000000e-09,8.06250000e-03
6.90000000e-09,8.03125000e-03
6.92000000e-09,8.00000000e-03
6.94000000e-09,8.00000000e-03
6.96000000e-09,8.04687500e-03
6.98000000e-09,8.04687500e-03
7.00000000e-09,8.00000000e-03
7.02000000e-09,7.98437500e-03
7.04000000e-09,8.03125000e-03
7.06000000e-09,8.04687500e-03
7.08000000e-09,8.00000000e-03
7.10000000e-09,7.98437500e-03
7.12000000e-09,8.04687500e-03
7.14000000e-09,8.04687500e-03
7.16000000e-09,8.00000000e-03
7.18000000e-09,8.00000000e-03
7.20000000e-09,8.03125000e-03
7.22000000e-09,8.01562500e-03
7.24000000e-09,8.01562500e-03
7.26000000e-09,8.06250000e-03
7.28000000e-09,8.01562500e-03
7.30000000e-09,7.89062500e-03
7.32000000e-09,8.07812500e-03
7.34000000e-09,8.82812500e-03
7.36000000e-09,9.85937500e-03
7.38000000e-09,1.07812500e-02
7.40000000e-09,1.15625000e-02
7.42000000e-09,1.21093750e-02
7.44000000e-09,1.22187500e-02
7.46000000e-09,1.20156250e-02
7.48000000e-09,1.18906250e-02
7.50000000e-09,1.20156250e-02
7.52000000e-09,1.21250000e-02
7.54000000e-09,1.20625000e-02
7.56000000e-09,1.19531250e-02
7.58000000e-09,1.19687500e-02
7.60000000e-09,1.20625000e-02
7.62000000e-09,1.21250000e-02
7.64000000e-09,1.20000000e-02
7.66000000e-09,1.18437500e-02
7.68000000e-09,1.19843750e-02
7.70000000e-09,1.23750000e-02
7.72000000e-09,1.21718750e-02
7.74000000e-09,1.06562500e-02
7.76000000e-09,8.51562500e-03
7.78000000e-09,7.32812500e-03
7.80000000e-09,7.75000000e-03
7.82000000e-09,8.62500000e-03
7.84000000e-09,8.32812500e-03
7.86000000e-09,6.53125000e-03
7.88000000e-09,4.39062500e-03
7.90000000e-09,3.37500000e-03
7.92000000e-09,3.84375000e-03
7.94000000e-09,4.64062500e-03
7.96000000e-09,4.26562500e-03
7.98000000e-09,2.43750000e-03
8.00000000e-09,4.37500000e-04
8.02000000e-09,-4.06250000e-04
8.04000000e-09,-1.40625000e-04
8.06000000e-09,2.18750000e-04
8.08000000e-09,1.25000000e-04
8.10000000e-09,-9.37500000e-05
8.12000000e-09,-4.68750000e-05
8.14000000e-09,7.81250000e-05
8.16000000e-09,4.68750000e-05
8.18000000e-09,1.56250000e-05
8.20000000e-09,4.68750000e-05
8.22000000e-09,-3.12500000e-05
8.24000000e-09,-1.25000000e-04
8.26000000e-09,3.59375000e-04
8.28000000e-09,1.56250000e-03
8.30000000e-09,2.45312500e-03
8.32000000e-09,2.21875000e-03
8.34000000e-09,1.59375000e-03
8.36000000e-09,1.89062500e-03
8.38000000e-09,3.14062500e-03
8.40000000e-09,4.10937500e-03
8.42000000e-09,4.18750000e-03
8.44000000e-09,3.96875000e-03
8.46000000e-09,3.96875000e-03
8.48000000e-09,4.06250000e-03
8.50000000e-09,4.04687500e-03
8.52000000e-09,4.00000000e-03
8.54000000e-09,4.01562500e-03
8.56000000e-09,4.04687500e-03
8.58000000e-09,4.03125000e-03
8.60000000e-09,4.00000000e-03
8.62000000e-09,3.98437500e-03
8.64000000e-09,4.06250000e-03
8.66000000e-09,4.15625000e-03
8.68000000e-09,3.93750000e-03
8.70000000e-09,3.23437500e-03
8.72000000e-09,2.21875000e-03
8.74000000e-09,1.23437500e-03
8.76000000e-09,4.53125000e-04
8.78000000e-09,-1.56250000e-05
8.80000000e-09,-1.56250000e-04
8.82000000e-09,-4.68750000e-05
8.84000000e-09,1.25000000e-04
8.86000000e-09,2.18750000e-04
8.88000000e-09,-4.68750000e-05
8.90000000e-09,-8.90625000e-04
8.92000000e-09,-1.90625000e-03
8.94000000e-09,-2.37500000e-03
8.96000000e-09,-2.07812500e-03
8.98000000e-09,-1.62500000e-03
9.00000000e-09,-1.78125000e-03
9.02000000e-09,-2.60937500e-03
9.04000000e-09,-3.54687500e-03
9.06000000e-09,-4.04687500e-03
9.08000000e-09,-4.15625000e-03
9.10000000e-09,-4.14062500e-03
9.12000000e-09,-3.85937500e-03
9.14000000e-09,-3.06250000e-03
9.16000000e-09,-2.06250000e-03
9.18000000e-09,-1.64062500e-03
9.20000000e-09,-1.92187500e-03
9.22000000e-09,-2.20312500e-03
9.24000000e-09,-2.01562500e-03
9.26000000e-09,-1.78125000e-03
9.28000000e-09,-1.93750000e-03
9.30000000e-09,-2.18750000e-03
9.32000000e-09,-2.00000000e-03
9.34000000e-09,-1.65625000e-03
9.36000000e-09,-1.95312500e-03
9.38000000e-09,-3.01562500e-03
9.40000000e-09,-4.00000000e-03
9.42000000e-09,-4.21875000e-03
9.44000000e-09,-3.95312500e-03
9.46000000e-09,-3.85937500e-03
9.48000000e-09,-4.00000000e-03
9.50000000e-09,-4.06250000e-03
9.52000000e-09,-3.95312500e-03
9.54000000e-09,-3.92187500e-03
9.56000000e-09,-4.00000000e-03
9.58000000e-09,-4.03125000e-03
9.60000000e-09,-3.96875000e-03
9.62000000e-09,-3.92187500e-03
9.64000000e-09,-3.96875000e-03
9.66000000e-09,-4.07812500e-03
9.68000000e-09,-4.03125000e-03
9.70000000e-09,-3.81250000e-03
9.72000000e-09,-3.79687500e-03
9.74000000e-09,-4.46875000e-03
9.76000000e-09,-5.53125000e-03
9.78000000e-09,-6.18750000e-03
9.80000000e-09,-6.17187500e-03
9.82000000e-09,-5.95312500e-03
9.84000000e-09,-5.85937500e-03
9.86000000e-09,-5.82812500e-03
9.88000000e-09,-6.06250000e-03
9.90000000e-09,-6.89062500e-03
9.92000000e-09,-7.92187500e-03
9.94000000e-09,-8.32812500e-03
9.96000000e-09,-8.03125000e-03
9.98000000e-09,-7.78125000e-03
1.00000000e-08,-7.93750000e-03
1.00200000e-08,-8.12500000e-03
1.00400000e-08,-8.00000000e-03
1.00600000e-08,-7.87500000e-03
1.00800000e-08,-7.95312500e-03
1.01000000e-08,-8.04687500e-03
1.01200000e-08,-8.00000000e-03
1.01400000e-08,-7.92187500e-03
1.01600000e-08,-7.96875000e-03
1.01800000e-08,-8.03125000e-03
1.02000000e-08,-8.00000000e-03
1.02200000e-08,-7.93750000e-03
1.02400000e-08,-7.96875000e-03
1.02600000e-08,-8.01562500e-03
1.02800000e-08,-8.00000000e-03
1.03000000e-08,-7.93750000e-03
1.03200000e-08,-7.95312500e-03
1.03400000e-08,-8.01562500e-03
1.03600000e-08,-8.00000000e-03
1.03800000e-08,-7.95312500e-03
1.04000000e-08,-7.96875000e-03
1.04200000e-08,-8.00000000e-03
1.04400000e-08,-7.98437500e-03
1.04600000e-08,-7.93750000e-03
1.04800000e-08,-8.00000000e-03
1.05000000e-08,-8.01562500e-03
1.05200000e-08,-7.92187500e-03
1.05400000e-08,-7.95312500e-03
1.05600000e-08,-8.15625000e-03
1.05800000e-08,-7.84375000e-03
1.06000000e-08,-6.40625000e-03
1.06200000e-08,-4.65625000e-03
1.06400000e-08,-3.82812500e-03
1.06600000e-08,-3.92187500e-03
1.06800000e-08,-4.01562500e-03
1.07000000e-08,-3.96875000e-03
1.07200000e-08,-4.09375000e-03
1.07400000e-08,-3.87500000e-03
1.07600000e-08,-2.50000000e-03
1.07800000e-08,-6.09375000e-04
1.08000000e-08,2.96875000e-04
1.08200000e-08,-1.56250000e-05
1.08400000e-08,-2.96875000e-04
1.08600000e-08,3.43750000e-04
1.08800000e-08,1.68750000e-03
1.09000000e-08,3.07812500e-03
1.09200000e-08,4.10937500e-03
1.09400000e-08,4.45312500e-03
1.09600000e-08,4.01562500e-03
1.09800000e-08,3.46875000e-03
1.10000000e-08,3.89062500e-03
1.10200000e-08,5.57812500e-03
1.10400000e-08,7.53125000e-03
1.10600000e-08,8.48437500e-03
1.10800000e-08,8.25000000e-03
1.11000000e-08,7.76562500e-03
1.11200000e-08,7.84375000e-03
1.11400000e-08,8.25000000e-03
1.11600000e-08,8.20312500e-03
1.11800000e-08,7.68750000e-03
1.12000000e-08,7.75000000e-03
1.12200000e-08,9.31250000e-03
1.12400000e-08,1.16406250e-02
1.12600000e-08,1.28906250e-02
1.12800000e-08,1.21718750e-02
1.13000000e-08,1.06093750e-02
1.13200000e-08,9.89062500e-03
1.13400000e-08,1.01562500e-02
1.13600000e-08,1.02500000e-02
1.13800000e-08,9.48437500e-03
1.14000000e-08,8.43750000e-03
1.14200000e-08,7.89062500e-03
1.14400000e-08,7.84375000e-03
1.14600000e-08,7.98437500e-03
1.14800000e-08,8.12500000e-03
1.15000000e-08,8.17187500e-03
1.15200000e-08,7.95312500e-03
1.15400000e-08,7.75000000e-03
1.15600000e-08,8.03125000e-03
1.15800000e-08,8.53125000e-03
1.16000000e-08,8.14062500e-03
1.16200000e-08,6.42187500e-03
1.16400000e-08,4.51562500e-03
1.16600000e-08,3.71875000e-03
1.16800000e-08,3.81250000e-03
1.17000000e-08,3.92187500e-03
1.17200000e-08,4.14062500e-03
1.17400000e-08,5.00000000e-03
1.17600000e-08,5.98437500e-03
1.17800000e-08,6.18750000e-03
1.18000000e-08,5.92187500e-03
1.18200000e-08,6.32812500e-03
1.18400000e-08,7.51562500e-03
1.18600000e-08,8.35937500e-03
1.18800000e-08,8.25000000e-03
1.19000000e-08,7.85937500e-03
1.19200000e-08,7.87500000e-03
1.19400000e-08,8.10937500e-03
1.19600000e-08,8.14062500e-03
1.19800000e-08,8.00000000e-03
1.20000000e-08,7.93750000e-03
1.20200000e-08,8.00000000e-03
1.20400000e-08,8.09375000e-03
1.20600000e-08,8.09375000e-03
1.20800000e-08,7.96875000e-03
1.21000000e-08,7.87500000e-03
1.21200000e-08,8.06250000e-03
1.21400000e-08,8.32812500e-03
1.21600000e-08,8.01562500e-03
1.21800000e-08,6.93750000e-03
1.22000000e-08,5.98437500e-03
1.22200000e-08,5.92187500e-03
1.22400000e-08,6.18750000e-03
1.22600000e-08,5.68750000e-03
1.22800000e-08,4.50000000e-03
1.23000000e-08,3.68750000e-03
1.23200000e-08,3.81250000e-03
1.23400000e-08,4.18750000e-03
1.23600000e-08,4.15625000e-03
1.23800000e-08,3.92187500e-03
1.24000000e-08,3.92187500e-03
1.24200000e-08,4.07812500e-03
1.24400000e-08,4.10937500e-03
1.24600000e-08,4.01562500e-03
1.24800000e-08,3.95312500e-03
1.25000000e-08,4.00000000e-03
1.25200000e-08,4.07812500e-03
1.25400000e-08,4.09375000e-03
1.25600000e-08,3.98437500e-03
1.25800000e-08,3.87500000e-03
1.26000000e-08,4.03125000e-03
1.26200000e-08,4.31250000e-03
1.26400000e-08,4.01562500e-03
1.26600000e-08,2.95312500e-03
1.26800000e-08,1.96875000e-03
1.27000000e-08,1.90625000e-03
1.27200000e-08,2.18750000e-03
1.27400000e-08,1.70312500e-03
1.27600000e-08,4.84375000e-04
1.27800000e-08,-3.28125000e-04
1.28000000e-08,-1.71875000e-04
1.28200000e-08,2.18750000e-04
1.28400000e-08,1.56250000e-04
1.28600000e-08,-1.09375000e-04
1.28800000e-08,-7.81250000e-05
1.29000000e-08,1.09375000e-04
1.29200000e-08,9.37500000e-05
1.29400000e-08,-4.68750000e-05
1.29600000e-08,-3.12500000e-05
1.29800000e-08,7.81250000e-05
1.30000000e-08,6.25000000e-05
1.30200000e-08,-1.56250000e-05
1.30400000e-08,-1.56250000e-05
1.30600000e-08,4.68750000e-05
1.30800000e-08,4.68750000e-05
1.31000000e-08,0.00000000e+00
1.31200000e-08,0.00000000e+00
1.31400000e-08,3.12500000e-05
1.31600000e-08,4.68750000e-05
1.31800000e-08,3.12500000e-05
1.32000000e-08,1.56250000e-05
1.32200000e-08,0.00000000e+00
1.32400000e-08,0.00000000e+00
1.32600000e-08,7.81250000e-05
1.32800000e-08,7.81250000e-05
1.33000000e-08,-1.25000000e-04
1.33200000e-08,-1.56250000e-04
1.33400000e-08,4.84375000e-04
1.33600000e-08,1.56250000e-03
1.33800000e-08,2.23437500e-03
1.34000000e-08,2.20312500e-03
1.34200000e-08,1.96875000e-03
1.34400000e-08,1.90625000e-03
1.34600000e-08,1.90625000e-03
1.34800000e-08,2.10937500e-03
1.35000000e-08,2.90625000e-03
1.35200000e-08,3.96875000e-03
1.35400000e-08,4.39062500e-03
1.35600000e-08,4.06250000e-03
1.35800000e-08,3.78125000e-03
1.36000000e-08,4.00000000e-03
1.36200000e-08,4.20312500e-03
1.36400000e-08,4.03125000e-03
1.36600000e-08,3.85937500e-03
1.36800000e-08,4.01562500e-03
1.37000000e-08,4.17187500e-03
1.37200000e-08,4.01562500e-03
1.37400000e-08,3.84375000e-03
1.37600000e-08,4.01562500e-03
1.37800000e-08,4.23437500e-03
1.38000000e-08,4.03125000e-03
1.38200000e-08,3.73437500e-03
1.38400000e-08,3.96875000e-03
1.38600000e-08,4.51562500e-03
1.38800000e-08,4.18750000e-03
1.39000000e-08,2.50000000e-03
1.39200000e-08,4.84375000e-04
1.39400000e-08,-4.37500000e-04
1.39600000e-08,-1.71875000e-04
1.39800000e-08,2.34375000e-04
1.40000000e-08,1.56250000e-04
1.40200000e-08,-9.37500000e-05
1.40400000e-08,-7.81250000e-05
1.40600000e-08,1.09375000e-04
1.40800000e-08,9.37500000e-05
1.41000000e-08,-4.68750000e-05
1.41200000e-08,-1.56250000e-05
1.41400000e-08,1.09375000e-04
1.41600000e-08,3.12500000e-05
1.41800000e-08,-1.56250000e-04
1.42000000e-08,6.25000000e-05
1.42200000e-08,8.59375000e-04
1.42400000e-08,1.87500000e-03
1.42600000e-08,2.75000000e-03
1.42800000e-08,3.54687500e-03
1.43000000e-08,4.14062500e-03
1.43200000e-08,4.21875000e-03
1.43400000e-08,3.96875000e-03
1.43600000e-08,3.89062500e-03
1.43800000e-08,4.07812500e-03
1.44000000e-08,4.12500000e-03
1.44200000e-08,3.96875000e-03
1.44400000e-08,3.95312500e-03
1.44600000e-08,4.09375000e-03
1.44800000e-08,4.06250000e-03
1.45000000e-08,3.90625000e-03
1.45200000e-08,4.01562500e-03
1.45400000e-08,4.25000000e-03
1.45600000e-08,3.98437500e-03
1.45800000e-08,3.14062500e-03
1.46000000e-08,2.18750000e-03
1.46200000e-08,1.34375000e-03
1.46400000e-08,4.68750000e-04
1.46600000e-08,-1.56250000e-04
1.46800000e-08,-1.71875000e-04
1.47000000e-08,1.25000000e-04
1.47200000e-08,1.40625000e-04
1.47400000e-08,-6.25000000e-05
1.47600000e-08,-4.68750000e-05
1.47800000e-08,1.09375000e-04
1.48000000e-08,7.81250000e-05
1.48200000e-08,-6.25000000e-05
1.48400000e-08,-1.56250000e-05
1.48600000e-08,1.09375000e-04
1.48800000e-08,4.68750000e-05
1.49000000e-08,-6.25000000e-05
1.49200000e-08,-1.56250000e-05
1.49400000e-08,9.37500000e-05
1.49600000e-08,9.37500000e-05
1.49800000e-08,-6.25000000e-05
1.50000000e-08,-1.71875000e-04
1.50200000e-08,2.81250000e-04
1.50400000e-08,1.57812500e-03
1.50600000e-08,3.21875000e-03
1.50800000e-08,4.20312500e-03
1.51000000e-08,4.20312500e-03
1.51200000e-08,3.90625000e-03
1.51400000e-08,3.92187500e-03
1.51600000e-08,4.09375000e-03
1.51800000e-08,4.07812500e-03
1.52000000e-08,3.96875000e-03
1.52200000e-08,3.98437500e-03
1.52400000e-08,4.06250000e-03
1.52600000e-08,4.04687500e-03
1.52800000e-08,4.00000000e-03
1.53000000e-08,4.00000000e-03
1.53200000e-08,4.04687500e-03
1.53400000e-08,4.03125000e-03
1.53600000e-08,4.00000000e-03
1.53800000e-08,4.01562500e-03
1.54000000e-08,4.03125000e-03
1.54200000e-08,4.03125000e-03
1.54400000e-08,4.01562500e-03
1.54600000e-08,4.00000000e-03
1.54800000e-08,4.03125000e-03
1.55000000e-08,4.04687500e-03
1.55200000e-08,4.01562500e-03
1.55400000e-08,3.98437500e-03
1.55600000e-08,4.03125000e-03
1.55800000e-08,4.06250000e-03
1.56000000e-08,4.01562500e-03
1.56200000e-08,3.96875000e-03
1.56400000e-08,4.03125000e-03
1.56600000e-08,4.10937500e-03
1.56800000e-08,4.03125000e-03
1.57000000e-08,3.87500000e-03
1.57200000e-08,4.00000000e-03
1.57400000e-08,4.25000000e-03
1.57600000e-08,4.07812500e-03
1.57800000e-08,3.59375000e-03
1.58000000e-08,3.84375000e-03
1.58200000e-08,5.50000000e-03
1.58400000e-08,7.54687500e-03
1.58600000e-08,8.53125000e-03
1.58800000e-08,8.28125000e-03
1.59000000e-08,7.75000000e-03
1.59200000e-08,7.71875000e-03
1.59400000e-08,8.35937500e-03
1.59600000e-08,9.65625000e-03
1.59800000e-08,1.11875000e-02
1.60000000e-08,1.21406250e-02
1.60200000e-08,1.22031250e-02
1.60400000e-08,1.19687500e-02
1.60600000e-08,1.19687500e-02
1.60800000e-08,1.20625000e-02
1.61000000e-08,1.20312500e-02
1.61200000e-08,1.20000000e-02
1.61400000e-08,1.20468750e-02
1.61600000e-08,1.20312500e-02
1.61800000e-08,1.19531250e-02
1.62000000e-08,1.20156250e-02
1.62200000e-08,1.21093750e-02
1.62400000e-08,1.20156250e-02
1.62600000e-08,1.18906250e-02
1.62800000e-08,1.20312500e-02
1.63000000e-08,1.22031250e-02
1.63200000e-08,1.20312500e-02
1.63400000e-08,1.17500000e-02
1.63600000e-08,1.19843750e-02
1.63800000e-08,1.25156250e-02
1.64000000e-08,1.21875000e-02
1.64200000e-08,1.04843750e-02
1.64400000e-08,8.48437500e-03
1.64600000e-08,7.59375000e-03
1.64800000e-08,7.82812500e-03
1.65000000e-08,8.17187500e-03
1.65200000e-08,8.12500000e-03
1.65400000e-08,8.03125000e-03
1.65600000e-08,8.00000000e-03
1.65800000e-08,7.87500000e-03
1.66000000e-08,7.90625000e-03
1.66200000e-08,8.56250000e-03
1.66400000e-08,9.51562500e-03
1.66600000e-08,1.00468750e-02
1.66800000e-08,1.02500000e-02
1.67000000e-08,1.08750000e-02
1.67200000e-08,1.18750000e-02
1.67400000e-08,1.23906250e-02
1.67600000e-08,1.21250000e-02
1.67800000e-08,1.18125000e-02
1.68000000e-08,1.19531250e-02
1.68200000e-08,1.21718750e-02
1.68400000e-08,1.20781250e-02
1.68600000e-08,1.19218750e-02
1.68800000e-08,1.20156250e-02
1.69000000e-08,1.21093750e-02
1.69200000e-08,1.19843750e-02
1.69400000e-08,1.19531250e-02
1.69600000e-08,1.21875000e-02
1.69800000e-08,1.19218750e-02
1.70000000e-08,1.04843750e-02
1.70200000e-08,8.64062500e-03
1.70400000e-08,7.81250000e-03
1.70600000e-08,8.06250000e-03
1.70800000e-08,8.17187500e-03
1.71000000e-08,7.81250000e-03
1.71200000e-08,7.85937500e-03
1.71400000e-08,8.46875000e-03
1.71600000e-08,8.28125000e-03
1.71800000e-08,6.51562500e-03
1.72000000e-08,4.42187500e-03
1.72200000e-08,3.56250000e-03
1.72400000e-08,3.87500000e-03
1.72600000e-08,4.21875000e-03
1.72800000e-08,4.10937500e-03
1.73000000e-08,3.95312500e-03
1.73200000e-08,3.95312500e-03
1.73400000e-08,4.00000000e-03
1.73600000e-08,4.09375000e-03
1.73800000e-08,4.18750000e-03
1.74000000e-08,3.93750000e-03
1.74200000e-08,3.15625000e-03
1.74400000e-08,2.18750000e-03
1.74600000e-08,1.34375000e-03
1.74800000e-08,5.31250000e-04
1.75000000e-08,-2.18750000e-04
1.75200000e-08,-3.43750000e-04
1.75400000e-08,5.00000000e-04
1.75600000e-08,1.68750000e-03
1.75800000e-08,2.29687500e-03
1.76000000e-08,2.14062500e-03
1.76200000e-08,1.84375000e-03
1.76400000e-08,1.90625000e-03
1.76600000e-08,2.23437500e-03
1.76800000e-08,2.23437500e-03
1.77000000e-08,1.53125000e-03
1.77200000e-08,4.53125000e-04
1.77400000e-08,-2.34375000e-04
1.77600000e-08,-1.56250000e-04
1.77800000e-08,1.56250000e-04
1.78000000e-08,1.25000000e-04
1.78200000e-08,-9.37500000e-05
1.78400000e-08,-4.68750000e-05
1.78600000e-08,1.40625000e-04
1.78800000e-08,6.25000000e-05
1.79000000e-08,-1.25000000e-04
1.79200000e-08,1.56250000e-05
1.79400000e-08,2.50000000e-04
1.79600000e-08,-1.56250000e-05
1.79800000e-08,-8.59375000e-04
1.80000000e-08,-1.81250000e-03
1.80200000e-08,-2.68750000e-03
1.80400000e-08,-3.51562500e-03
1.80600000e-08,-4.07812500e-03
1.80800000e-08,-4.20312500e-03
1.81000000e-08,-4.04687500e-03
1.81200000e-08,-3.79687500e-03
1.81400000e-08,-3.23437500e-03
1.81600000e-08,-2.25000000e-03
1.81800000e-08,-1.17187500e-03
1.82000000e-08,-3.59375000e-04
1.82200000e-08,6.25000000e-05
1.82400000e-08,1.56250000e-04
1.82600000e-08,4.68750000e-05
1.82800000e-08,-6.25000000e-05
1.83000000e-08,0.00000000e+00
1.83200000e-08,7.81250000e-05
1.83400000e-08,4.68750000e-05
1.83600000e-08,-1.56250000e-05
1.83800000e-08,0.00000000e+00
1.84000000e-08,4.68750000e-05
1.84200000e-08,3.12500000e-05
1.84400000e-08,0.00000000e+00
1.84600000e-08,0.00000000e+00
1.84800000e-08,3.12500000e-05
1.85000000e-08,3.12500000e-05
1.85200000e-08,1.56250000e-05
1.85400000e-08,0.00000000e+00
1.85600000e-08,1.56250000e-05
1.85800000e-08,3.12500000e-05
1.86000000e-08,3.12500000e-05
1.86200000e-08,0.00000000e+00
1.86400000e-08,1.56250000e-05
1.86600000e-08,4.68750000e-05
1.86800000e-08,1.56250000e-05
1.87000000e-08,-1.56250000e-05
1.87200000e-08,4.68750000e-05
1.87400000e-08,6.25000000e-05
1.87600000e-08,-4.68750000e-05
1.87800000e-08,0.00000000e+00
1.88000000e-08,2.18750000e-04
1.88200000e-08,-1.25000000e-04
1.88400000e-08,-1.54687500e-03
1.88600000e-08,-3.29687500e-03
1.88800000e-08,-4.15625000e-03
1.89000000e-08,-4.06250000e-03
1.89200000e-08,-3.89062500e-03
1.89400000e-08,-3.98437500e-03
1.89600000e-08,-4.04687500e-03
1.89800000e-08,-3.93750000e-03
1.90000000e-08,-3.93750000e-03
1.90200000e-08,-4.01562500e-03
1.90400000e-08,-4.00000000e-03
1.90600000e-08,-3.95312500e-03
1.90800000e-08,-3.95312500e-03
1.91000000e-08,-3.92187500e-03
1.91200000e-08,-4.04687500e-03
1.91400000e-08,-4.68750000e-03
1.91600000e-08,-5.79687500e-03
1.91800000e-08,-6.87500000e-03
1.92000000e-08,-7.53125000e-03
1.92200000e-08,-7.89062500e-03
1.92400000e-08,-8.15625000e-03
1.92600000e-08,-8.21875000e-03
1.92800000e-08,-7.92187500e-03
1.93000000e-08,-7.53125000e-03
1.93200000e-08,-7.89062500e-03
1.93400000e-08,-9.46875000e-03
1.93600000e-08,-1.14687500e-02
1.93800000e-08,-1.24687500e-02
1.94000000e-08,-1.22187500e-02
1.94200000e-08,-1.17500000e-02
1.94400000e-08,-1.18125000e-02
1.94600000e-08,-1.21093750e-02
1.94800000e-08,-1.20937500e-02
1.95000000e-08,-1.18906250e-02
1.95200000e-08,-1.19062500e-02
1.95400000e-08,-1.20312500e-02
1.95600000e-08,-1.20312500e-02
1.95800000e-08,-1.19375000e-02
1.96000000e-08,-1.19687500e-02
1.96200000e-08,-1.20000000e-02
1.96400000e-08,-1.19375000e-02
1.96600000e-08,-1.19843750e-02
1.96800000e-08,-1.21406250e-02
1.97000000e-08,-1.17968750e-02
1.97200000e-08,-1.04375000e-02
1.97400000e-08,-8.71875000e-03
1.97600000e-08,-7.79687500e-03
1.97800000e-08,-7.82812500e-03
1.98000000e-08,-8.10937500e-03
1.98200000e-08,-8.06250000e-03
1.98400000e-08,-7.87500000e-03
1.98600000e-08,-7.89062500e-03
1.98800000e-08,-8.07812500e-03
1.99000000e-08,-8.15625000e-03
1.99200000e-08,-7.85937500e-03
1.99400000e-08,-7.14062500e-03
1.99600000e-08,-6.20312500e-03
1.99800000e-08,-5.25000000e-03
2.00000000e-08,-4.39062500e-03
2.00200000e-08,-3.85937500e-03
2.00400000e-08,-3.82812500e-03
2.00600000e-08,-4.01562500e-03
2.00800000e-08,-4.06250000e-03
2.01000000e-08,-3.96875000e-03
2.01200000e-08,-3.92187500e-03
2.01400000e-08,-3.98437500e-03
2.01600000e-08,-4.03125000e-03
2.01800000e-08,-4.01562500e-03
2.02000000e-08,-3.93750000e-03
2.02200000e-08,-3.84375000e-03
2.02400000e-08,-4.04687500e-03
2.02600000e-08,-4.76562500e-03
2.02800000e-08,-5.79687500e-03
2.03000000e-08,-6.78125000e-03
2.03200000e-08,-7.53125000e-03
2.03400000e-08,-8.01562500e-03
2.03600000e-08,-8.17187500e-03
2.03800000e-08,-8.03125000e-03
2.04000000e-08,-7.84375000e-03
2.04200000e-08,-7.87500000e-03
2.04400000e-08,-8.07812500e-03
2.04600000e-08,-8.17187500e-03
2.04800000e-08,-7.90625000e-03
2.05000000e-08,-7.62500000e-03
2.05200000e-08,-8.01562500e-03
2.05400000e-08,-9.14062500e-03
2.05600000e-08,-1.00000000e-02
2.05800000e-08,-9.95312500e-03
2.06000000e-08,-9.82812500e-03
2.06200000e-08,-1.05781250e-02
2.06400000e-08,-1.15156250e-02
2.06600000e-08,-1.12968750e-02
2.06800000e-08,-1.01718750e-02
2.07000000e-08,-9.56250000e-03
2.07200000e-08,-9.87500000e-03
2.07400000e-08,-1.01718750e-02
2.07600000e-08,-1.00000000e-02
2.07800000e-08,-9.93750000e-03
2.08000000e-08,-1.01093750e-02
2.08200000e-08,-9.68750000e-03
2.08400000e-08,-8.46875000e-03
2.08600000e-08,-7.57812500e-03
2.08800000e-08,-7.76562500e-03
2.09000000e-08,-8.26562500e-03
2.09200000e-08,-8.10937500e-03
2.09400000e-08,-7.71875000e-03
2.09600000e-08,-7.89062500e-03
2.09800000e-08,-8.28125000e-03
2.10000000e-08,-8.04687500e-03
2.10200000e-08,-7.54687500e-03
2.10400000e-08,-7.90625000e-03
2.10600000e-08,-9.17187500e-03
2.10800000e-08,-1.00781250e-02
2.11000000e-08,-1.00000000e-02
2.11200000e-08,-9.78125000e-03
2.11400000e-08,-1.03906250e-02
2.11600000e-08,-1.15468750e-02
2.11800000e-08,-1.22343750e-02
2.12000000e-08,-1.21562500e-02
2.12200000e-08,-1.18750000e-02
2.12400000e-08,-1.18750000e-02
2.12600000e-08,-1.20312500e-02
2.12800000e-08,-1.20468750e-02
2.13000000e-08,-1.19531250e-02
2.13200000e-08,-1.19218750e-02
2.13400000e-08,-1.19843750e-02
2.13600000e-08,-1.20156250e-02
2.13800000e-08,-1.20000000e-02
2.14000000e-08,-1.19531250e-02
2.14200000e-08,-1.19687500e-02
2.14400000e-08,-1.20000000e-02
2.14600000e-08,-1.20000000e-02
2.14800000e-08,-1.19687500e-02
2.15000000e-08,-1.19531250e-02
2.15200000e-08,-1.20000000e-02
2.15400000e-08,-1.20156250e-02
2.15600000e-08,-1.19687500e-02
2.15800000e-08,-1.19375000e-02
2.16000000e-08,-1.19843750e-02
2.16200000e-08,-1.20468750e-02
2.16400000e-08,-1.19687500e-02
2.16600000e-08,-1.18750000e-02
2.16800000e-08,-1.19687500e-02
2.17000000e-08,-1.21250000e-02
2.17200000e-08,-1.20156250e-02
2.17400000e-08,-1.17500000e-02
2.17600000e-08,-1.19062500e-02
2.17800000e-08,-1.24218750e-02
2.18000000e-08,-1.21718750e-02
2.18200000e-08,-1.05000000e-02
2.18400000e-08,-8.42187500e-03
2.18600000e-08,-7.50000000e-03
2.18800000e-08,-7.78125000e-03
2.19000000e-08,-8.18750000e-03
2.19200000e-08,-8.12500000e-03
2.19400000e-08,-7.95312500e-03
2.19600000e-08,-7.81250000e-03
2.19800000e-08,-7.31250000e-03
2.20000000e-08,-6.26562500e-03
2.20200000e-08,-5.04687500e-03
2.20400000e-08,-4.29687500e-03
2.20600000e-08,-4.20312500e-03
2.20800000e-08,-4.01562500e-03
2.21000000e-08,-2.73437500e-03
2.21200000e-08,-5.31250000e-04
2.21400000e-08,8.43750000e-04
2.21600000e-08,3.28125000e-04
2.21800000e-08,-7.96875000e-04
2.22000000e-08,-3.43750000e-04
2.22200000e-08,1.82812500e-03
2.22400000e-08,3.75000000e-03
2.22600000e-08,4.14062500e-03
2.22800000e-08,3.93750000e-03
2.23000000e-08,4.48437500e-03
2.23200000e-08,5.53125000e-03
2.23400000e-08,6.06250000e-03
2.23600000e-08,6.21875000e-03
2.23800000e-08,6.90625000e-03
2.24000000e-08,7.95312500e-03
2.24200000e-08,8.28125000e-03
2.24400000e-08,7.93750000e-03
2.24600000e-08,8.23437500e-03
2.24800000e-08,9.50000000e-03
2.25000000e-08,1.04843750e-02
2.25200000e-08,1.02656250e-02
2.25400000e-08,9.70312500e-03
2.25600000e-08,9.81250000e-03
2.25800000e-08,1.03437500e-02
2.26000000e-08,1.02968750e-02
2.26200000e-08,9.45312500e-03
2.26400000e-08,8.40625000e-03
2.26600000e-08,7.82812500e-03
2.26800000e-08,7.89062500e-03
2.27000000e-08,8.12500000e-03
2.27200000e-08,8.09375000e-03
2.27400000e-08,7.90625000e-03
2.27600000e-08,7.98437500e-03
2.27800000e-08,8.21875000e-03
2.28000000e-08,8.00000000e-03
2.28200000e-08,7.15625000e-03
2.28400000e-08,6.17187500e-03
2.28600000e-08,5.31250000e-03
2.28800000e-08,4.48437500e-03
2.29000000e-08,3.87500000e-03
2.29200000e-08,3.82812500e-03
2.29400000e-08,4.09375000e-03
2.29600000e-08,4.14062500e-03
2.29800000e-08,3.95312500e-03
2.30000000e-08,3.95312500e-03
2.30200000e-08,4.10937500e-03
2.30400000e-08,4.06250000e-03
2.30600000e-08,3.92187500e-03
2.30800000e-08,4.00000000e-03
2.31000000e-08,4.14062500e-03
2.31200000e-08,4.04687500e-03
2.31400000e-08,3.89062500e-03
2.31600000e-08,4.00000000e-03
2.31800000e-08,4.20312500e-03
2.32000000e-08,4.06250000e-03
2.32200000e-08,3.75000000e-03
2.32400000e-08,3.95312500e-03
2.32600000e-08,4.48437500e-03
2.32800000e-08,4.20312500e-03
2.33000000e-08,2.51562500e-03
2.33200000e-08,4.68750000e-04
2.33400000e-08,-4.68750000e-04
2.33600000e-08,-1.71875000e-04
2.33800000e-08,2.50000000e-04
2.34000000e-08,1.40625000e-04
2.34200000e-08,-9.37500000e-05
2.34400000e-08,-6.25000000e-05
2.34600000e-08,7.81250000e-05
2.34800000e-08,7.81250000e-05
2.35000000e-08,0.00000000e+00
2.35200000e-08,-1.56250000e-05
2.35400000e-08,0.00000000e+00
2.35600000e-08,1.56250000e-05
2.35800000e-08,1.09375000e-04
2.36000000e-08,7.81250000e-05
2.36200000e-08,-1.71875000e-04
2.36400000e-08,-1.56250000e-04
2.36600000e-08,5.62500000e-04
2.36800000e-08,1.57812500e-03
2.37000000e-08,2.09375000e-03
2.37200000e-08,2.21875000e-03
2.37400000e-08,2.78125000e-03
2.37600000e-08,3.87500000e-03
2.37800000e-08,4.53125000e-03
2.38000000e-08,4.17187500e-03
2.38200000e-08,3.56250000e-03
2.38400000e-08,3.78125000e-03
2.38600000e-08,4.76562500e-03
2.38800000e-08,5.60937500e-03
2.39000000e-08,5.89062500e-03
2.39200000e-08,6.18750000e-03
2.39400000e-08,7.00000000e-03
2.39600000e-08,7.90625000e-03
2.39800000e-08,8.25000000e-03
2.40000000e-08,8.09375000e-03
2.40200000e-08,7.96875000e-03
2.40400000e-08,7.96875000e-03
2.40600000e-08,7.95312500e-03
2.40800000e-08,8.04687500e-03
2.41000000e-08,8.26562500e-03
2.41200000e-08,8.03125000e-03
2.41400000e-08,6.98437500e-03
2.41600000e-08,5.96875000e-03
2.41800000e-08,5.89062500e-03
2.42000000e-08,6.20312500e-03
2.42200000e-08,5.68750000e-03
2.42400000e-08,4.46875000e-03
2.42600000e-08,3.70312500e-03
2.42800000e-08,3.82812500e-03
2.43000000e-08,4.14062500e-03
2.43200000e-08,4.17187500e-03
2.43400000e-08,4.07812500e-03
2.43600000e-08,3.87500000e-03
2.43800000e-08,3.25000000e-03
2.44000000e-08,2.26562500e-03
2.44200000e-08,1.26562500e-03
2.44400000e-08,4.21875000e-04
2.44600000e-08,-1.09375000e-04
2.44800000e-08,-1.40625000e-04
2.45000000e-08,1.40625000e-04
